id,name,artist,album,release_date,duration_ms,popularity
33bURv895AN4FkBvgFo2dx,Woman,Harry Styles,Harry Styles,2017-05-12,278800,62
33SNO8AaciGbNaQFkxvPrW,Kiwi,Harry Styles,Harry Styles,2017-05-12,176386,68
5Lbsc65org0b85kNsPkluY,Only Angel,Harry Styles,Harry Styles,2017-05-12,291080,62
6VzcQuzTNTMFnJ6rBSaLH9,Fine Line,Harry Styles,Fine Line,2019-12-13,377960,76
1ZMiCix7XSAbfAJlEZWMCp,Falling,Harry Styles,Fine Line,2019-12-13,240133,79
1qEmFfgcLObUfQm0j1W2CK,Late Night Talking,Harry Styles,Harry's House,2022-05-20,177954,77
5LYMamLv12UPbemOaTPyeV,Music For a Sushi Restaurant,Harry Styles,Harry's House,2022-05-20,193813,69
6qj02zSeEJGWZ4c0dn5QzJ,Boyfriends,Harry Styles,Harry's House,2022-05-20,194543,63
7uzmGiiJyRfuViKKK3lVmR,Mine,Bazzi,COSMIC,2018-04-12,131064,71
5TVirkSwFEXF1nLJEebe2I,Beautiful,Bazzi,COSMIC,2018-04-12,178242,62
2JuIs3XJlYPy8vBO66CEkJ,Star,Bazzi,COSMIC,2018-04-12,169872,50
6pmZMP2ET1OJi5rKfLO8jD,3:15,Bazzi,COSMIC,2018-04-12,167018,61
6LVsIWAAQwGjHMv7SOQjnY,BRB,Bazzi,COSMIC,2018-04-12,160581,42
6l0knFRwTeQgJ2yHHqwKmt,Cold,Boy In Space,Cold,2019-08-08,203538,52
3PRqiN41BIPkeai16CWjqy,7UP,Boy In Space,7UP,2019-05-30,203554,48
4dORWJfLHYnXkB5PeR4s5b,For Now,Lauv,~how i'm feeling~,2020-03-06,189240,44
2MOoIbJWIYikwIXjBDe26i,Paris in the Rain,Lauv,I met you when I was 18. (the playlist),2018-05-31,204712,68
3aUD2nXnCYiGd9V1UhfyRz,Stranger,Lauv,All 4 Nothing,2022-08-05,164688,52
0nRuVPZx2iA3KWR4xSzryl,TALK ME DOWN,Troye Sivan,Blue Neighbourhood (Deluxe),2015-12-04,237464,45
2m6Ko3CY1qXNNja8AlugNc,Angel Baby,Troye Sivan,Angel Baby,2021-09-09,220779,71
3S8jK1mGzQi24ilFb45DAZ,Lonely (with benny blanco),Justin Bieber,Justice,2021-03-19,149189,73
0nJW01T7XtvILxQgC5J7Wh,When I Was Your Man,Bruno Mars,Unorthodox Jukebox,2012-12-07,213826,88
3w3y8KPTfNeOKPiqUTakBh,Locked out of Heaven,Bruno Mars,Unorthodox Jukebox,2012-12-07,233478,87
161DnLWsx1i3u1JT05lzqU,Talking to the Moon,Bruno Mars,Doo-Wops & Hooligans,2010-05-11,217866,83
7BqBn9nzAq8spo5e7cZ0dJ,Just the Way You Are,Bruno Mars,Doo-Wops & Hooligans,2010-05-11,220734,84
22PMfvdz35fFKYnJyMn077,Marry You,Bruno Mars,Doo-Wops & Hooligans,2010-05-11,230192,74
55h7vJchibLdUkxdlX3fK7,Treasure,Bruno Mars,Unorthodox Jukebox,2012-12-07,178560,80
3G5iN5QBqMeXx3uZPy8tgB,Young Girls,Bruno Mars,Unorthodox Jukebox,2012-12-07,228720,66
0B0tYbVp7pDQAqKDhgMeaL,Too Good to Say Goodbye,Bruno Mars,24K Magic,2016-11-17,281826,69
0kN8xEmgMW9mh7UmDYHlJP,Versace on the Floor,Bruno Mars,24K Magic,2016-11-17,261240,79
0mBKv9DkYfQHjdMcw2jdyI,Chunky,Bruno Mars,24K Magic,2016-11-17,186973,69
1I6pKIyaBp4OebTGLJpCCC,Perm,Bruno Mars,24K Magic,2016-11-17,210053,64
5MMLS3xm12D7N26xlfFApr,Runaway Baby,Bruno Mars,Doo-Wops & Hooligans,2010-05-11,148448,70
0RUGuh2uSNFJpGMSsD1F5C,It Will Rain,Bruno Mars,The Twilight Saga: Breaking Dawn - Part 1 (Original Motion Picture Soundtrack),2011-11-04,257720,71
32OlwWuMpZ6b0aN2RZOeMS,Uptown Funk (feat. Bruno Mars),Mark Ronson,Uptown Special,2015-01-12,269666,82
2K6vUau7bnZUamjbRSOOvJ,777,Bruno Mars,An Evening With Silk Sonic,2021-11-12,165000,59
4AwJSk491AvHk2AAJReGzZ,Let Me Go,Daniel Caesar,Let Me Go,2023-02-10,216524,54
1RMJOxR6GRPsBHL8qeC2ux,Best Part (feat. H.E.R.),Daniel Caesar,Freudian,2017-08-25,209831,85
7MXVkk9YMctZqd1Srtv4MB,Starboy,The Weeknd,Starboy,2016-11-25,230453,88
6CcJMwBtXByIz4zQLzFkKc,i love you,Billie Eilish,"WHEN WE ALL FALL ASLEEP, WHERE DO WE GO?",2019-03-29,291796,79
042Sl6Mn83JHyLEqdK7uI0,Your Power,Billie Eilish,Happier Than Ever,2021-07-30,245896,72
77u89jbqM9WGbLzveay3rq,A Goose's Dream,인순이,A Goose's Dream,2007-01-29,342125,21
5wANPM4fQCJwkGd4rN57mH,drivers license,Olivia Rodrigo,SOUR,2021-05-21,242013,83
5CZ40GBx1sQ9agT82CLQCT,traitor,Olivia Rodrigo,SOUR,2021-05-21,229226,84
5JCoSi02qi3jJeHdZXMmR8,favorite crime,Olivia Rodrigo,SOUR,2021-05-21,152666,82
2tGvwE8GcFKwNdAXMnlbfl,happier,Olivia Rodrigo,SOUR,2021-05-21,175933,82
3UoULw70kMsiVXxW0L3A33,pov,Ariana Grande,Positions,2020-10-30,201882,71
2afCBiru10AFckfOa49wIa,You & I,One Direction,Midnight Memories (Deluxe),2013-11-25,237933,74
1dQQ2QlnvXUehsRUrukKmf,Right Now,One Direction,Midnight Memories (Deluxe),2013-11-25,200400,75
23eQyAz9tzvrKsG0kAnrja,Change My Mind,One Direction,Take Me Home (Expanded Edition),2012-11-12,212893,54
3lnjFENd7rHxPYM9b964Md,"C'mon, C'mon",One Direction,Take Me Home (Expanded Edition),2012-11-12,164680,58
3jJ5NJ3aNWvV70Rd7hgZIH,Gotta Be You,One Direction,Up All Night,2012-05-25,244506,60
2Bs4jQEGMycglOfWPBqrVG,Steal My Girl,One Direction,FOUR (Deluxe),2014-11-17,228133,78
5T7ZFtCcOgkpjxcuaeZbw0,Best Song Ever,One Direction,Midnight Memories (Deluxe),2013-11-25,200106,74
5O2P9iiztwhomNh8xkR9lJ,Night Changes,One Direction,FOUR (Deluxe),2014-11-17,226600,86
6nIE1oCE4udqMGv3bqVNVb,Half a Heart,One Direction,Midnight Memories (Deluxe),2013-11-25,188546,59
1hZk9dktp4yRFTm0TrycuH,If I Lose Myself - Alesso vs OneRepublic,OneRepublic,Native,2014-01-01,214813,59
32HwMdkZuUmHg9uznhs9xM,Loved You First,One Direction,Take Me Home (Expanded Edition),2012-11-12,184306,54
4SRYGZsbHrmH7E9xMVz4Wm,Nobody Compares,One Direction,Take Me Home (Expanded Edition),2012-11-12,211626,56
1NhPKVLsHhFUHIOZ32QnS2,Secrets,OneRepublic,Waking Up,2009-01-01,224693,74
7D49Iig0avHre9RFSUMkd2,I Lived,OneRepublic,Native,2014-01-01,234546,60
0c3yfC8zMRJGvmqphczhZb,Nothing,The Script,Science & Faith,2011-01-18,272213,51
3nqqDo8CcCLke3ZoTgiOKf,The Man Who Can't Be Moved,The Script,The Script,2008-07-14,241373,81
285hMzLhJwHVLe9QT9qilk,Breakeven,The Script,The Script,2008-07-14,261426,78
4IACOiO4fczuCkYFdYxDGu,Six Degrees of Separation,The Script,#3,2012-09-10,232253,40
7HZKksFR5Qsr4XPHAkub32,Millionaires,The Script,#3,2012-09-10,189466,29
1gXBi2I04CLJkTQnhNfEJT,Weight in Gold,Gallant,Ology,2016-04-06,203813,46
1yf97yL1ll8FYXC27c9VTw,Trees,Twenty One Pilots,Vessel,2013-01-08,267386,60
4RVwu0g32PAqgUiJoXsdF8,Happier Than Ever,Billie Eilish,Happier Than Ever,2021-07-30,298899,82
43zdsphuZLzwA9k4DJhU0I,when the party's over,Billie Eilish,"WHEN WE ALL FALL ASLEEP, WHERE DO WE GO?",2019-03-29,196077,83
73SpzrcaHk0RQPFP73vqVR,No Time To Die,Billie Eilish,No Time To Die,2020-02-13,242265,74
6v3KW9xbzN5yKLt9YKDYA2,Señorita,Shawn Mendes,Shawn Mendes (Deluxe),2019-06-19,190799,79
138oQeapLds5IeJrdRfeUd,Intro,Shawn Mendes,Wonder,2020-12-04,62422,43
5ld8E3DVBXCCWQ54yrkWVp,305,Shawn Mendes,Wonder,2020-12-04,189072,54
6ZuahEctZD6w75peme58hm,Wonder,Shawn Mendes,Wonder,2020-12-04,172692,68
5Ohxk2dO5COHF1krpoPigN,Sign of the Times,Harry Styles,Harry Styles,2017-05-12,340706,80
3AMQKTsIR0ukMOXvPkwaKz,Set Me Free,Joshua Bassett,Crisis / Secret / Set Me Free,2021-12-03,242733,50
61SwOvGpjoANrBOVgBZvMi,SHE SAID HE SAID SHE SAID,Joshua Bassett,SHE SAID HE SAID SHE SAID,2022-10-13,157325,44
77Gfhrr1Uh9Pv57MUUmVuY,Secret,Joshua Bassett,Crisis / Secret / Set Me Free,2021-12-03,192413,50
0JU7KoyKSFgY1zJV2ex6Ee,Feel Something,Joshua Bassett,Feel Something,2021-05-07,163866,44
5qELFdy1PLLinCg5462HES,Finally Free,Joshua Bassett,"High School Musical: The Musical: The Series Season 3 (Episode 1) [From ""High School Musical: The Musical: The Series (Season 3)""]",2022-07-27,197972,42
1mEM6KkVMwpuAuqusCMD6m,Crisis,Joshua Bassett,Crisis / Secret / Set Me Free,2021-12-03,189093,45
3rrv1sQftMszpL7vxLSvX2,Berenstein,The Band CAMINO,Berenstein,2017-12-15,276685,43
48f7LOHWir3VQoO06yoc95,Song About You,The Band CAMINO,The Band CAMINO,2021-09-10,158948,48
7baT4xndV4HMR4fwOdl8vw,Imposter,Grant Ganzer,Imposter,2022-08-12,121463,26
5Ir3dOzPQ9Q30dC45J6QzH,save your breath,JVKE,this is what ____ feels like (Vol. 1-4),2022-09-23,165964,48
5odlY52u43F5BjByhxg7wg,golden hour,JVKE,this is what ____ feels like (Vol. 1-4),2022-09-23,209259,77
5iscL6Ehw0Ch3B5Rs0KDP1,Clouds,Before You Exit,Clouds,2016-12-14,271846,47
1p80LdxRV74UKvL8gnD7ky,Blank Space,Taylor Swift,1989,2014-10-27,231826,69
1dGr1c8CrMLDpV6mPbImSI,Lover,Taylor Swift,Lover,2019-08-23,221306,85
1LLXZFeAHK9R4xUramtUKw,London Boy,Taylor Swift,Lover,2019-08-23,190240,72
43rA71bccXFGD4C8GOpIlN,I Forgot That You Existed,Taylor Swift,Lover,2019-08-23,170640,69
59HjlYCeBsxdI0fcm3zglw,Wildest Dreams,Taylor Swift,1989,2014-10-27,220440,65
06WgOCf0LV2h4keYXDRnuh,Clean,Taylor Swift,1989,2014-10-27,271000,41
4dYUOfmWna6DFccnz732n8,How You Get The Girl,Taylor Swift,1989,2014-10-27,247533,42
6d9IiDcFxtFVIvt9pCqyGH,Sparks Fly,Taylor Swift,Speak Now,2010-10-25,260933,52
7hZuICN5eaCuQyp443RCt6,Dear John,Taylor Swift,Speak Now,2010-10-25,403920,44
14LtANuaslKWyYbktUrHBU,Enchanted,Taylor Swift,Speak Now (Deluxe Edition),2010-10-25,352186,44
5L26cBeskObsyfEjioRdiv,Emergency Room(2021),Hwang In Wook,Emergency Room(2021),2021-05-07,243986,34
2ZHH9aoZjrqtFk1SX1dXy7,Moonlight,Ariana Grande,Dangerous Woman,2016-05-20,202360,45
0Rx0DJI556Ix5gBny6EWmn,Paradise,Bazzi,Soul Searching,2019-08-09,169038,68
2zSnnXvex1yMcPUn4mg27H,I Could Write a Book,"Harry Connick, Jr.",When Harry Met Sally... Music From The Motion Picture,1989-07-25,147066,48
0GuVQkXvtQuL6ek7nquHEN,Don't Get Around Much Anymore,"Harry Connick, Jr.",When Harry Met Sally... Music From The Motion Picture,1989-07-25,261200,32
4QIwYqmwtr0hfJktadACK7,A Bird Without Wings,Celtic Thunder,The Show Act Two,2008,240000,0
5zEvD1Tapbd4RAkYmpeTap,The Moon Represents My Heart - 月亮代表我的心,Libera,The Moon Represents My Heart - 月亮代表我的心,2017-10-20,198974,35
1na2MOlie83rN9sTNRuEOj,I Need You,M83,Divergent: Original Motion Picture Soundtrack,2014-01-01,181280,54
5RoIXwyTCdyUjpMMkk4uPd,Sweet Disposition,The Temper Trap,Conditions,2009-03-24,230800,31
0Gl5s8IhMmQE5YQwM8Qx1J,Never Enough,Loren Allred,The Greatest Showman (Original Motion Picture Soundtrack),2017-12-08,207786,72
11IXRdEjiH0KL8nh4G1j7d,Now We Are Free,Hans Zimmer,Gladiator - Music From The Motion Picture,2000-04-25,254293,54
35uZSnpGVvHbnPMbIxDjLB,Desperado,Celtic Thunder,The Show,2007,215586,0
0S7XIu0dn63ayGxjefd5It,Forbidden Friendship,John Powell,How To Train Your Dragon - Music From The Motion Picture,2010-01-01,251093,54
6eBK3edMW7bEzecF1eCezc,(Everything I Do) I Do It For You,Bryan Adams,Waking Up The Neighbours,1991-09-24,394133,62
6PJRw5icjh5FnFd7jNUmbG,The Prayer,Céline Dion,These Are Special Times,1998,268933,0
6Up545NUflOiXo8cEraH49,You Say,Lauren Daigle,Look Up Child,2018-09-07,274693,73
1Vk4yRsz0iBzDiZEoFMQyv,Mia & Sebastian’s Theme,Justin Hurwitz,La La Land (Original Motion Picture Soundtrack),2016-12-09,98040,68
1Mv9pebAYnZz3VSKzcMFFM,"You'll Be In My Heart - From ""Tarzan""/Soundtrack Version",Glenn Close,Disney's Greatest Volume 2,2001-01-01,97653,34
2rm72l5pjfby1cWvPMUojI,Go the Distance,Roger Bart,Hercules (Original Motion Picture Soundtrack),1997-01-01,194160,0
6bcCrByBZgx8FYwuKE4Jgu,Far Longer Than Forever,"Liz Callaway, Howard McGillin, David Zippel, Lex de Azevedo, Larry Bastian, Larry Schwartz",The Swan Princess,1994-01-01,144144,47
2wCRJwiL1WSrW0Dwfco7Nj,Know Who You Are,Auli'i Cravalho,Moana - Original Motion Picture Soundtrack/Deluxe Edition,2016-11-18,72626,60
6QWniaitONimLqysaA6cwe,This Is Where I Belong,Bryan Adams,Spirit: Stallion Of The Cimarron (Music From The Original Motion Picture),2002-05-04,141133,49
5GK4ax71sSIokiNEZsND3d,Sound The Bugle,Bryan Adams,Spirit: Stallion Of The Cimarron (Music From The Original Motion Picture),2002-05-04,234600,51
6KDH3sCDRFZk71aT3a2lkY,Paperman,Christophe Beck,Paperman,2012-01-01,299493,31
2jz0DAnooOMwtuzboHP3VE,Nothing I've Ever Known,Bryan Adams,Spirit: Stallion Of The Cimarron (Music From The Original Motion Picture),2002-05-04,232133,45
6ofMKJjMpfDEb48JYEAgjX,Husavik (My Hometown),Will Ferrell,Eurovision Song Contest: The Story of Fire Saga (Music from the Netflix Film),2020-06-26,202286,53
0hkppOIXAfknRGYr34sLgy,I Will Always Return,Bryan Adams,Spirit: Stallion Of The Cimarron (Music From The Original Motion Picture),2002-05-04,238440,50
4S7ddJ34xx6ZIkQ4a1LDRm,"The Bridge Of Khazad-Dum (From ""The Lord Of The Rings"")",Eurielle,"The Bridge Of Khazad-Dum (From ""The Lord Of The Rings"")",2015-09-18,209454,0
6ua4ZcCoSABREsczFvGLI6,'O Sole Mio - Live,Luciano Pavarotti,Pavarotti & Friends 2,1995-01-01,191506,45
1nHM5nGsbpskmBnZOfxirW,"Forget Me Knots - from ""Spider-Man: No Way Home"" Soundtrack",Michael Giacchino,Spider-Man: No Way Home (Original Motion Picture Soundtrack),2021-12-17,409280,35
2UW59tk0OratchGvwN2uRr,"A Doom With a View - from ""Spider-Man: No Way Home"" Soundtrack",Michael Giacchino,Spider-Man: No Way Home (Original Motion Picture Soundtrack),2021-12-17,120893,28
4A9NGq1VZI3cwalNWZvLVR,Flight into Darkness,Kevin Kiner,Star Wars: Tales of the Jedi (Original Soundtrack),2022-10-26,243724,20
2EBHPEJWmYj4W1HV3l0VZ6,Star Wars (Epic Main Theme),Samuel Kim,Star Wars: The Rise of Skywalker Tribute,2019-10-25,213463,0
732QOzrBUFi0gGWNU9gB7d,Who Am I?,Jamie Foxx,Annie (Original Motion Picture Soundtrack),2014-11-17,200080,46
7hs0pXWvIkYEFeQYfUa42B,"Waloyo Yamoni - ""We Overcome the Wind""",Christopher Tin,The Drop That Contained the Sea,2014-05-08,733306,46
1LNrPxRlSkIROZIZ4ldKoH,Deep Breaths,Austin Farwell,Deep Breaths,2022-03-08,138905,52
3aLbDGVIbZHUDjQXjfrvBP,The City's Yours,Jamie Foxx,Annie (Original Motion Picture Soundtrack),2014-11-17,192133,61
4BrX9il0kSbL8xtlHjQbpP,"Gianni Schicchi: ""O mio Babbino caro""",Giacomo Puccini,Vissi d'Arte - Opera for Orchestra,1997-11-04,243000,38
3kSXn1osC89W8JcPLozTzs,Stand By You,Rachel Platten,Wildfire,2016-01-01,219000,60
46bzMOnJ1anlTrDCGWH30H,Big Dreams,Fernando Velázquez,A Monster Calls (Original Motion Picture Soundtrack),2016-12-09,95280,53
5lb8hYTICPj3WGIiaW1qla,I Wish I Had a Hundred Years,Fernando Velázquez,A Monster Calls (Original Motion Picture Soundtrack),2016-12-09,132840,54
5tgyHc2LLF0BI2udBTMFJz,The Burning Bush,Hans Zimmer,The Prince Of Egypt (Music From The Original Motion Picture Soundtrack),1998-02-11,436666,47
38UEe6tvR5IufCUwFa7tXB,The Long Song,Murray Gold,Doctor Who - Series 7 (Original Television Soundtrack),2013-11-05,218666,0
5lbZL5xmyJHtrrioldEyXX,All I Ever Wanted (With Queen's Reprise),Amick Byram,The Prince Of Egypt (Music From The Original Motion Picture Soundtrack),1998-02-11,171600,47
2ZbnaNF52uSfO4eouvjSrJ,Make Me Whole,"Rob Gardner & London Symphony Orchestra, Linsey Maxson, Bailee Brinkerhoff","Lamb of God: a sacred work for choir, orchestra and soloists",2010-09-10,240746,5
6BOgMI1pVONpiu2xkpMW2i,Consider the Lilies,Roger Hoffman,Consider the Lilies,2003-05-06,331400,0
34IQaMgUdIciIpNWN5CUbl,In The Wee Small Hours Of The Morning,Frank Sinatra,Ultimate Sinatra,2015-04-17,179000,36
4kF394GKEnI13QdZBM9mxM,Misty,Ella Fitzgerald,The Complete Piano Duets,2020-03-13,174066,50
3AAwJ043uT1wXSKDtGyuxF,Misty Mountains,Richard Armitage,The Hobbit: An Unexpected Journey (Original Motion Picture Soundtrack),2012-12-11,103024,67
6fxVffaTuwjgEk5h9QyRjy,Photograph,Ed Sheeran,x - Wembley Edition,2013,258986,67
1Slwb6dOYkBlWal1PGtnNg,Thinking out Loud,Ed Sheeran,x - Wembley Edition,2013,281560,63
0tgVpDi06FyKpA1z0VMD4v,Perfect,Ed Sheeran,÷ (Deluxe),2017-03-03,263400,85
0SuG9kyzGRpDqrCWtgD6Lq,Give Me Love,Ed Sheeran,+,2011-09-09,526386,68
0T5iIrXA4p5GsubkhuBIKV,Until I Found You,Stephen Sanchez,Until I Found You,2021-09-01,177720,76
5cEap0vG6Dc6TJDN77cyF9,When You're Not Here,Michael Bublé,love (Deluxe Edition),2018-11-16,218261,40
4T6HLdP6OcAtqC6tGnQelG,Everything,Michael Bublé,Call Me Irresponsible,2007-04-27,212373,70
3I09LQbHS3NSU46Ly3tPpR,Feeling Good,Michael Bublé,It's Time,2005-02-07,237333,66
4zKbPdCC2o8726tHh5sEJw,Always on My Mind,Michael Bublé,Call Me Irresponsible,2007-04-27,269800,54
6d2i9NFTSQaXIwQUSombV7,At This Moment,Michael Bublé,Crazy Love,2009-10-06,275373,37
1YlCqvmX9P8XlAKPyHyGw1,You're Nobody till Somebody Loves You,Michael Bublé,Crazy Love,2009-10-06,187400,37
5i04Jy87RLxoZszJqY3QAN,Cry Me a River,Michael Bublé,Crazy Love,2009-10-06,254746,51
4IbOPxstIn2KbdlWf5xRZ0,Georgia on My Mind,Michael Bublé,Crazy Love,2009-10-06,188226,49
1NnBOnFPFdYJdauawQt5bN,Save the Last Dance for Me,Michael Bublé,It's Time,2005-02-07,218613,54
7vySXLEg91xiAi8J0Qiqwv,The Impossible Dream (The Quest),Frank Sinatra,That's Life,1966-11,151266,39
2KNMqqNd3sLfeN4ukKduRT,Moon River,Frank Sinatra,"Days Of Wine And Roses, Moon River And Other Academy Award Winners",1964,199133,56
6ft9PAgNOjmZ2kFVP7LGqb,Can't Take My Eyes off You,Frankie Valli,The Very Best of Frankie Valli & The 4 Seasons,2003-01-14,203240,68
2ODCaqPXjIELP6Wjrg6h53,Love at First Sight,Michael Bublé,Totally Bublé,2003-09-09,198933,23
1QELw50Dl95LusF6uOkDqk,La vie en rose (feat. Cécile McLorin Salvant),Michael Bublé,love (Deluxe Edition),2018-11-16,229963,52
1zwMYTA5nlNjZxYrvBB2pV,Someone Like You,Adele,21,2011-01-24,285240,78
73CMRj62VK8nUS4ezD2wvi,Set Fire to the Rain,Adele,21,2011-01-24,242973,78
05TOt5Vz4StdjMpEdFPlvB,All I Ask,Adele,25,2015-11-20,271800,69
1hHuyqVCZCbhYQixEkdQCo,Sing for Absolution,Muse,Absolution,2004-03-23,294866,1
5ONbCAFFnAJ0YGClEeddcU,Patience,The Lumineers,Cleopatra,2016-04-08,97051,22
1yHVHoz6Ny29gbbWJYVnFt,Heaven,Niall Horan,Heaven,2023-02-17,186043,2
26hOm7dTtBi0TdpDGl141t,Die For You,Joji,SMITHEREENS,2022-11-04,211666,75
69rSEDWuvLS6yyNcESulCc,Just Friends,JORDY,Just Friends,2018-10-26,189631,3
6LXIhiXK8z1KLd3giR904b,Smells Like Me,Charlie Puth,Smells Like Me,2022-09-02,204079,49
0qCcqa0gYjW8rerrC10yun,Better Alone,Benson Boone,Better Alone,2022-07-22,209895,57
2IOFZdYYkFxEHVz1w34PoL,Cherry,Harry Styles,Fine Line,2019-12-13,259186,68
4G92yYrUs0cvY7G41YRI0z,Jealous,Labrinth,Jealous - EP,2014-11-23,287693,70
2t3IK52qKDAR2fo5EBkCFT,Je te le donne,Vitaa,Je te le donne,2018-08-24,233973,23
18XEJ4bMuqM0YIrZuir4xy,Good bye my love,AILEE,You are my destiny OST Part.6,2014-08-13,256305,0
1IdM9JrXYuMYiTdM983oH4,"Not Spring, Love, or Cherry Blossoms",HIGH4,"Not Spring, Love, or Cherry Blossoms",2014-04-08,195265,51
6lrZiAgjWUcfuj5HHxPsZF,My way,ISU,"Money Flower, (Original Television Soundtrack)",2018-02-03,276747,0
0TxSk5fpK01cBLV9ePqcE6,She's In The Rain,The Rose,Dawn,2018-10-04,237576,0
63MgFVcIldlw51imFtcgK1,El Perdón,Nicky Jam,El Perdón (w/ Enrique Iglesias),2016-04-19,207013,0
7neOIVKDsLaUXV5y84jGuY,I Don't Love You,Urban Zakapa,STILL,2016-05-27,254924,51
4mj63a9c899Cs5l8gwuC0e,인연,Sohyang,나는 가수다 2 2012 가왕전 4강전,2012-12-16,267656,0
5mTmB6IgMzomkJvOkQ8WDV,올해 제일 잘한 일 The Best Thing I Ever Did,TWICE,"The year of ""YES""",2018-12-12,210450,0
1obtU03RXYzuNnzGe31arn,LOVE DAY,YANG YO SEOP,`A CUBE` FOR SEASON # GREEN,2012-03-14,237165,32
1VrUu8hMTMslRSjsDpSJKc,RE-BYE,AKMU,SPRING,2016-05-04,188716,0
1HYzRuWjmS9LXCkdVHi25K,Stay With Me,CHANYEOL,"Guardian (Original Television Soundtrack), Pt. 1",2016-12-03,192441,69
3IPJg1sdqLj12kFIndaonN,No Hay Nadie Más,Sebastian Yatra,MANTRA,2018-05-18,199733,73
6rPO02ozF3bM7NnOV4h6s2,Despacito - Remix,Luis Fonsi,Despacito Feat. Justin Bieber (Remix),2017-04-17,228826,69
32lm3769IRfcnrQV11LO4E,Bailando - Spanish Version,Enrique Iglesias,SEX AND LOVE (Deluxe),2014-01-01,243413,66
0Kt035u0yJBkOnM1BYPpI6,Culpa al Corazón,Prince Royce,FIVE (Deluxe Edition),2017-02-24,222080,54
4qzBepJAKtYu4T1GDtBZZc,"눈,코,입 (Eyes, Nose, Lips)",TAEYANG,RISE,2014-06-13,229989,0
6yWUojjtn6IMmZEgHyfblf,제발,KIM BUMSOO,서바이벌 나는 가수다 경연 2 - 서로의 노래 바꿔 부르기,2011-03-27,281959,0
7k5iu5vr7IEW3BdSgwY9mw,Memory Of The Wind,Naul,Principle Of My Soul,2012-09-20,308186,0
4lt4QTuoYOEEOhrNDZJ1o8,Room Shaker,AILEE,butterFLY,2019-07-02,195026,34
0IHgyl0zAHIj7kpm4YKKv3,Sun And Moon,Sam Kim,Sun And Moon Part.1,2018-10-23,301059,19
2OyX69J0H3ZaO3irKbcemY,Blank,BEN,RECIPE,2018-05-08,192593,0
6nhj2meaMrV4pGKk9Q65u2,Sound of Winter,Park Hyo Shin,Sound of Winter,2018-01-01,411713,26
5Hkk4YCNakpuOpbZQo67fE,Wild Flower,Park Hyo Shin,I am A Dreamer,2016-10-03,314254,0
5WHnE8MsLFHqSUwecrs7WO,Bésame Mucho,Andrea Bocelli,Amor (Edición Especial En Español),2006-01-01,241232,61
4q5R6rdomdPOwVxJrExLkc,"The Day (From ""Mr. Sunshine [Original Television Soundtrack], Pt. 1"")",Park Hyo Shin,"The Day (From ""Mr. Sunshine [Original Television Soundtrack], Pt. 1"")",2018-07-08,292526,0
7L3borCR5Izc7zJjFpjjhh,La Llorona,Ángela Aguilar,Primero Soy Mexicana,2018-03-02,490753,3
4hNSTJdBOSWiYdiMPbFjf9,Alguien Soy Yo,Enrique Iglesias,Insomniac,2007-01-01,239146,38
4uHs0TfECKllxN8zeLWqJu,Gol,Cali Y El Dandee,3 A.M.,2012-01-01,222680,51
22CY3wlF8O6Z9QkOWYhaz5,눈 떠보니 이별이더라,4MEN,Remember Me,2017-10-24,282421,12
3B21fRFqPLmTd9zAlK0I8A,Para Enamorarte,CNCO,Primera Cita,2016-08-26,188533,53
2G0k5HoKVW3iPC1eF7Ykb7,Nadie,Matisse,Nadie,2020-05-15,198205,0
08MFgEQeVLF37EyZ7jcwLc,Pano,Zack Tabudlo,Pano,2021-12-06,254400,67
2UVrIJBJVRPN9UgzShCJ5c,"I Think I Kinda, You Know - Duet",Olivia Rodrigo,"I Think I Kinda, You Know (From ""High School Musical: The Musical: The Series"")",2019-11-08,172253,53
0QBzMgT7NIeoCYy3sJCof1,Bam Bam (feat. Ed Sheeran),Camila Cabello,Bam Bam (feat. Ed Sheeran),2022-03-04,206070,71
0kWQn0wLok1lawHAkGSMW9,I Like That,Bazzi,Infinite Dream,2022-09-16,158083,55
2NcQic8JxdjAlAHuNbOIRE,Keep Driving,Harry Styles,Harry's House,2022-05-20,140241,70
7I5WT7DtpwSAhEeDLpZEfm,All 4 Nothing (I'm So In Love),Lauv,All 4 Nothing,2022-08-05,183014,62
4q0crFErlOEybi84JzBqTp,Yoü And I,Ben Platt,Yoü And I,2021-06-25,282615,34
2R4O7MgIrN35QXnyLKMFVl,Mrs.,Leon Bridges,Good Thing,2018-05-04,242520,50
4XwGrhiOTz0FapbeOdtCpN,Mi Amor,Daniel Pemberton,Spider-Man: Into the Spider-Verse (Original Score),2018-12-17,79553,51
6uW0PIRcyZLvkoonm763xD,Contando Lunares (feat. Cruz Cafuné),Don Patricio,La Dura Vida del Joven Rapero,2019-01-27,219666,64
2YOGCTiPJWMhZRdeadFj8G,this is what autumn feels like,JVKE,this is what autumn feels like,2023-09-12,219909,65
4SFNe716eUbgX1XvGCTBu7,De Selby (Part 2),Hozier,De Selby (Part 2),2023-07-21,227826,29
31Wlc9ZnraX3JxrvMg9e8H,3 Boys,Omar Apollo,3 Boys,2023-02-17,209188,57
3hhbDnFUb2bicI2df6VurK,River,Leon Bridges,Coming Home (Deluxe),2015-06-23,240200,72
4VnDmjYCZkyeqeb0NIKqdA,Can You Hear The Music,Ludwig Göransson,Oppenheimer (Original Motion Picture Soundtrack),2023-07-21,110160,70
4YutJsNwBBInE8vemufpQ8,"Girl Crush - Recorded at Metropolis Studios, London",Harry Styles,Spotify Singles,2017-09-27,243804,63
2TktkzfozZifbQhXjT6I33,Evergreen (You Didn’t Deserve Me At All),Omar Apollo,Ivory,2022-04-08,216680,75
3g3GjHuxntUfUd4t23rGTZ,Cool,Daniel Caesar,NEVER ENOUGH,2023-04-07,244189,53
1fiSki9Yy5lekUUpV4mByo,i'm not okay,JVKE,this is what ____ feels like (Vol. 1-4),2022-09-23,145189,55
0rzaRSujxA0bKyjJl6vHYq,Satellite,Harry Styles,Harry's House,2022-05-20,218577,72
7HnkUNPrhRurdGEm9nRYFH,Death & Taxes,Daniel Caesar,Pilgrim's Paradise,2015-11-12,305081,56
1boXOL0ua7N2iCOUVI1p9F,Japanese Denim,Daniel Caesar,Get You - Single,2016-10-21,270846,76
3ym8ajVmKm6Fybgov3WBI5,Let Me Go,Daniel Caesar,NEVER ENOUGH,2023-04-07,216524,69
4deAN7JXhdHHifxOp0TTjU,Do You Like Me?,Daniel Caesar,NEVER ENOUGH,2023-04-07,227520,65
2QfznFotJNZmnIEYFdzE5T,Heartbreak Anniversary,Giveon,Heartbreak Anniversary,2020-02-21,196794,69
6rY5FAWxCdAGllYEOZMbjW,SLOW DANCING IN THE DARK,Joji,BALLADS 1,2018-10-26,209273,79
1TuSfYnKU5uKbYK1esQDLj,Another Heartbreak,Giveon,Give Or Take,2022-06-24,249315,53
1CsMKhwEmNnmvHUuO5nryA,SKINNY,Billie Eilish,HIT ME HARD AND SOFT,2024-05-17,219733,80
22ZcJxQkzIL6EU692kAFWY,cowboy in LA,LANY,mama's boy,2020-10-02,213800,58
0JWA4NaSOa1mZfLyNvZLQW,Pessimist,Lithe,Pessimist,2020-05-15,140224,65
5GUYJTQap5F3RDQiCOJhrS,Self Control,Frank Ocean,Blonde,2016-08-20,249667,76
56KDoLjFIm7Yc7fX1XgpNw,Always Been You,Shawn Mendes,Wonder,2020-12-04,167193,53
07oO1U722crtVcavi6frX6,"Double Life - From ""Despicable Me 4""",Pharrell Williams,"Double Life (From ""Despicable Me 4"")",2024-06-14,190782,81
5N3hjp1WNayUPZrA8kJmJP,Please Please Please,Sabrina Carpenter,Please Please Please,2024-06-06,186365,93
3uTsiaNxy6h6EAd7MsCf9D,this is what forever feels like (with Nick Jonas),JVKE,this is what forever feels like,2024-09-13,154841,69
46kspZSY3aKmwQe7O77fCC,we can't be friends (wait for your love),Ariana Grande,eternal sunshine,2024-03-08,228639,82
5oO3drDxtziYU2H1X23ZIp,Love On The Brain,Rihanna,ANTI (Deluxe),2016-01-28,224000,83
5zZEP23ceNvvA9IT6CnqoY,La Rumba D'el Jefe,Jesse Cook,The Rumba Foundation,2009-01-01,217226,41
3tQeDE3Q4Pk40CvPFO0eoW,The Curse - Fp Version,Diary Of Dreams,Freak Perfume,2002-06-03,334840,25
4SwcSQIRh7M1dmzyYgCAHs,Half-Life,Duncan Sheik,Daylight,2002,233733,42
276zciJ7Fg7Jk6Ta6QuLkp,Come Down,Anderson .Paak,Malibu,2016-01-15,169726,62
3kLChd6atCWKPz1WzufHQo,Monsters,Ben Platt,Honeymind,2024-05-31,240957,34
0STK94RxUulYqWzwFlyAb5,Sober,Demi Lovato,Sober,2018-06-21,197893,59
6CoKNa67qyFJmLdSz4DOI8,Nathan (still breathing),Fred again..,Actual Life 3 (January 1 - September 9 2022),2022-10-28,163996,54
0Lmbke3KNVFXtoH2mMSHCw,the boy is mine,Ariana Grande,eternal sunshine,2024-03-08,173639,84
4EhqimHdoK9OmCNvCfioH6,this is what slow dancing feels like,JVKE,this is what slow dancing feels like,2024-04-15,145735,64
6lrYBcuR6Q1YWtSGFmJ48H,Shot My Baby,Daniel Caesar,NEVER ENOUGH (Bonus Version),2023-04-10,268221,53
4EWBhKf1fOFnyMtUzACXEc,Pluto Projector,Rex Orange County,Pony,2019-10-25,267520,74
629DixmZGHc7ILtEntuiWE,LUNCH,Billie Eilish,HIT ME HARD AND SOFT,2024-05-17,179586,88
7BRD7x5pt8Lqa1eGYC4dzj,CHIHIRO,Billie Eilish,HIT ME HARD AND SOFT,2024-05-17,303440,89
6dOtVTDdiauQNBQEDOtlAB,BIRDS OF A FEATHER,Billie Eilish,HIT ME HARD AND SOFT,2024-05-17,210373,98
3QaPy1KgI7nu9FJEQUgn6h,WILDFLOWER,Billie Eilish,HIT ME HARD AND SOFT,2024-05-17,261466,91
6TGd66r0nlPaYm3KIoI7ET,THE GREATEST,Billie Eilish,HIT ME HARD AND SOFT,2024-05-17,293840,82
6fPan2saHdFaIHuTSatORv,L’AMOUR DE MA VIE,Billie Eilish,HIT ME HARD AND SOFT,2024-05-17,333986,84
1LLUoftvmTjVNBHZoQyveF,THE DINER,Billie Eilish,HIT ME HARD AND SOFT,2024-05-17,186346,80
7DpUoxGSdlDHfqCYj0otzU,BITTERSUITE,Billie Eilish,HIT ME HARD AND SOFT,2024-05-17,298440,79
2prqm9sPLj10B4Wg0wE5x9,BLUE,Billie Eilish,HIT ME HARD AND SOFT,2024-05-17,343120,84
4WUepByoeqcedHoYhSNHRt,Welcome To New York (Taylor's Version),Taylor Swift,1989 (Taylor's Version) [Deluxe],2023-10-27,212600,60
3Vpk1hfMAQme8VJ0SNRSkd,Style (Taylor's Version),Taylor Swift,1989 (Taylor's Version) [Deluxe],2023-10-27,231000,63
1OcSfkeCg9hRC2sFKB4IMJ,Out Of The Woods (Taylor's Version),Taylor Swift,1989 (Taylor's Version) [Deluxe],2023-10-27,235800,61
2k0ZEeAqzvYMcx9Qt5aClQ,All You Had To Do Was Stay (Taylor's Version),Taylor Swift,1989 (Taylor's Version) [Deluxe],2023-10-27,193289,60
3FxJDucHWdw6caWTKO5b23,I Wish You Would (Taylor's Version),Taylor Swift,1989 (Taylor's Version) [Deluxe],2023-10-27,207650,59
27exgla7YBw9DUNNcTIpjy,Wildest Dreams (Taylor's Version),Taylor Swift,1989 (Taylor's Version) [Deluxe],2023-10-27,220433,60
733OhaXQIHY7BKtY3vnSkn,How You Get The Girl (Taylor's Version),Taylor Swift,1989 (Taylor's Version) [Deluxe],2023-10-27,247533,59
4WBEj8TeGtRPNJdOmT3WJW,This Love (Taylor’s Version),Taylor Swift,1989 (Taylor's Version) [Deluxe],2023-10-27,250100,58
1ULabO0PEsdJekqVH6G10G,I Know Places (Taylor's Version),Taylor Swift,1989 (Taylor's Version) [Deluxe],2023-10-27,195700,59
0lKUBmEyQfzsQHozyeXzES,Clean (Taylor's Version),Taylor Swift,1989 (Taylor's Version) [Deluxe],2023-10-27,271000,60
6HRsJu8vcnzYDN4t0570FY,Wonderland (Taylor's Version),Taylor Swift,1989 (Taylor's Version) [Deluxe],2023-10-27,245566,59
5M787RexsAiVYjQusM98CV,New Romantics (Taylor's Version),Taylor Swift,1989 (Taylor's Version) [Deluxe],2023-10-27,230177,61
5QUIK7ZtziW8kGWo8RqopF,Now That We Don't Talk (Taylor's Version) (From The Vault),Taylor Swift,1989 (Taylor's Version) [Deluxe],2023-10-27,146436,63
6IG3sQ8s9nfk6TUlVzRhbN,Is It Over Now? (Taylor's Version) (From The Vault),Taylor Swift,1989 (Taylor's Version) [Deluxe],2023-10-27,229477,64
7G0gBu6nLdhFDPRLc0HdDG,Mine (Taylor's Version),Taylor Swift,Speak Now (Taylor's Version),2023-07-07,231706,72
3MytWN8L7shNYzGl4tAKRp,Sparks Fly (Taylor’s Version),Taylor Swift,Speak Now (Taylor's Version),2023-07-07,261230,69
79uDOz0zuuWS7HWxzMmTa2,Back To December (Taylor's Version),Taylor Swift,Speak Now (Taylor's Version),2023-07-07,294189,72
5xXqyjLicvEpch72qEryFT,Speak Now (Taylor's Version),Taylor Swift,Speak Now (Taylor's Version),2023-07-07,242473,67
1zU8j1x3yi9xalMF96pzKp,Dear John (Taylor's Version),Taylor Swift,Speak Now (Taylor's Version),2023-07-07,405906,67
3sW3oSbzsfecv9XoUdGs7h,Enchanted (Taylor's Version),Taylor Swift,Speak Now (Taylor's Version),2023-07-07,353253,77
0A1JLUlkZkp2EFrosoNQi0,Labyrinth,Taylor Swift,Midnights,2022-10-21,247962,69
3NLnwwAQbbFKcEcV8hDItk,Perfect,One Direction,Made In The A.M. - Deluxe Edition,2015-11-13,230333,80
6N5xh0tYYLTQRiCCaNbAUt,Infinity,One Direction,Made In The A.M. - Deluxe Edition,2015-11-13,249480,61
5AezhHjX3R1bmxcAEgrFpS,End of the Day,One Direction,Made In The A.M. - Deluxe Edition,2015-11-13,194973,59
5CRVwXGikmqzoRO6q7FeAg,If I Could Fly,One Direction,Made In The A.M. - Deluxe Edition,2015-11-13,230320,63
2UFOh8iMQ2DON7sl3lqGJH,Long Way Down,One Direction,Made In The A.M. - Deluxe Edition,2015-11-13,192160,55
608R6FvRtAqf2dvgKMzebP,I Want to Write You a Song,One Direction,Made In The A.M. - Deluxe Edition,2015-11-13,179013,56
0HMjXBAZmSYOTTi33WpMso,History,One Direction,Made In The A.M. - Deluxe Edition,2015-11-13,187426,69
6Vh03bkEfXqekWp7Y1UBRb,Live While We're Young,One Direction,Take Me Home (Expanded Edition),2012-11-12,200213,70
4My8w8AA1JpG6E5SiAPvJL,Kiss You,One Direction,Take Me Home (Expanded Edition),2012-11-12,182866,70
0TAmnCzOtqRfvA38DDLTjj,Little Things,One Direction,Take Me Home (Expanded Edition),2012-11-12,219040,70
0KqlLyIGuBZWqzNwP9rypc,Last First Kiss,One Direction,Take Me Home (Expanded Edition),2012-11-12,203546,60
02O8hDaIJPEUHh9XEj0u76,Back For You,One Direction,Take Me Home (Expanded Edition),2012-11-12,178440,53
41PiyIwNrzoLn598y2glGY,Save You Tonight,One Direction,Up All Night,2012-05-25,205920,52
5fEql5cR2hjR6wPGUPiEEb,Na Na Na,One Direction,Up All Night,2012-05-25,185653,54
3t85LNwaXR96o6el8CV99C,Intro,Benson Boone,Fireworks & Rollerblades,2024-04-05,62287,39
5LLYU3mbGuTgc78V8tdh9B,Be Someone,Benson Boone,Fireworks & Rollerblades,2024-04-05,224862,40
66uhlklxdGRFlUftJf8JFc,Slow It Down,Benson Boone,Fireworks & Rollerblades,2024-04-05,161831,40
3OD3UsYexvqEH6UHEFHrZu,Beautiful Things,Benson Boone,Fireworks & Rollerblades,2024-04-05,180304,39
5rEENZmbGQXMVy1Svt9Q2x,Cry,Benson Boone,Fireworks & Rollerblades,2024-04-05,186359,40
49HIwnGgaZ6TPrVkGlV9zp,Forever and a Day,Benson Boone,Fireworks & Rollerblades,2024-04-05,225234,39
2XmUYeqNpGcjFE7DhUWDw5,In The Stars,Benson Boone,Fireworks & Rollerblades,2024-04-05,216410,38
0UsP6myH78yMjlWAOyPcMa,305,Shawn Mendes,Wonder (Deluxe),2020-12-07,189072,41
3wNNbf63xkxw9rIVWtFy7a,Stand Up (From Harriet),Cynthia Erivo,Stand Up (From Harriet),2019-10-25,303477,64
4fFqFgMDP9lY8tqEoArFGq,Judah Smith Interlude,Lana Del Rey,Did you know that there's a tunnel under Ocean Blvd,2023-03-24,276757,52
5nW4z3pfZgJAJ2QTCz9AIE,A&W,Lana Del Rey,Did you know that there's a tunnel under Ocean Blvd,2023-03-24,433916,68
5kK1Iru9ogP3Iy1zsANU1n,The Power of Love,Céline Dion,The Colour Of My Love,1993-11-09,342400,71
1daDRI9ahBonbWD8YcxOIB,Angels Like You,Miley Cyrus,Plastic Hearts,2020-11-27,196453,81
35Dofxo9smHVxmFQbhYIAT,Stereo Love,Edward Maya,Stereo Love,2010-02-02,247614,1
6WzuONb7HfNLr3fjtCVFCm,Fantasy,Mariah Carey,Free Guy (Music from the Motion Picture),2021-08-11,243880,0
6wf7Yu7cxBSPrRlWeSeK0Q,"What Was I Made For? [From The Motion Picture ""Barbie""]",Billie Eilish,"What Was I Made For? [From The Motion Picture ""Barbie""]",2023-07-13,222369,86
1kRGTor0WEKB90LWOTIxfR,I Know Where I've Been,Jennifer Hudson,Hairspray LIVE! Original Soundtrack of the NBC Television Event,2016-12-02,242720,29
